email,first_name,last_name,address,phone
user2@example.com,Jane,Smith,456 Oak Ave,5559876543
user3@example.com,Michael,Johnson,789 Maple Rd,5551112222
user4@example.com,Susan,Williams,987 Elm Ln,5554443333
user5@example.com,Robert,Jackson,654 Birch Dr,5558887777
user6@example.com,Linda,Brown,321 Pine Rd,5555555555
user7@example.com,David,Miller,852 Cedar St,5556666666
user8@example.com,Karen,Anderson,753 Spruce Ave,5552223333
user9@example.com,William,Wilson,159 Walnut Ct,5559998888
user10@example.com,Amy,Taylor,951 Cherry Pl,5557779999
user11@example.com,Steven,Thomas,369 Peach Blvd,5556543210
user12@example.com,Patricia,Lee,147 Grape Loop,5551010101
user13@example.com,Charles,Scott,753 Orange Rd,5552461357
user14@example.com,Laura,Evans,258 Mango Way,5559876540
user15@example.com,James,Hall,987 Lemon Dr,5553699631
